{"cameraMode":{"drawMode":0,"name":"Shaded","section":"Shading Mode"},"sceneLighting":false,"audioPlay":false,"sceneViewState":{"showFog":true,"showMaterialUpdate":false,"showSkybox":false,"showFlares":true,"showImageEffects":true,"showParticleSystems":true},"in2DMode":false,"pivot":{"x":2.232919216156006,"y":0.9902349710464478,"z":-14.000589370727539},"rotation":{"x":-0.1792801469564438,"y":0.02419573813676834,"z":-0.004410645924508572,"w":-0.9834915995597839},"size":4.041658401489258,"orthographic":false}